scholar_id,scholar,m_uni,m_city,m_country,m_region,p_uni,p_city,p_country,p_region
1,"Alifereti, Vasemaca Ledua",University of the South Pacific,Suva,Fiji,Oceania,Tsinghua University,Beijing,China,Asia
2,"Aporosa, Apo",Massey University,Palmerston North,New Zealand,Oceania,Massey University,Palmerston North,New Zealand,Oceania
,"Baba, Tupeni",University of Sydney,,Australia,Oceania,Macquarie University,,Australia,Oceania
25,"Cagivanua, Ulamila Monica",University of Hawaiʻi at Mānoa,Honolulu,USA,Americas,University of Hawaiʻi at Mānoa,Honolulu,USA,Americas
26,"Cakacaka, Akuila",University of the South Pacific,Suva,Fiji,Oceania,University of Bremen,Bremen,Germany,Europe
35,"Copeland, Lekima",University of the South Pacific,Suva,Fiji,Oceania,University of the South Pacific,Suva,Fiji,Oceania
39,"Dakuidreketi, Mesake Rawaikela",University of Waikato,Hamilton,New Zealand,Oceania,University of Canterbury,Christchurch,New Zealand,Oceania
,"Duaibe, Adi Salote Kuruibua",University of the South Pacific,Suva,Fiji,Oceania,University of the South Pacific,Suva,Fiji,Oceania
49,"Durutalo, Alumita Lawaniyavi",University of the South Pacific,Suva,Fiji,Oceania,Australian National University,Canberra,Australia,Oceania
52,"Finau, Glenn",University of the South Pacific,Suva,Fiji,Oceania,University of Sydney,Sydney,Australia,Oceania
476,"Fong, Patrick S.",University of the South Pacific,Suva,Fiji,Oceania,Lincoln University,Lincoln,New Zealand,Oceania
,"Gaunavou, Usaia",University of Waikato,,New Zealand,Oceania,Fiji National University,,Fiji,Oceania
72,"Kasanawaqa, Viliame",University of Malta,Msida,Malta,Europe,University of Canterbury,Christchurch,New Zealand,Oceania
,"Kedrayate, Akanisi",University of Glasgow,"Glasgow, Scotland",United Kingdom,Europe,University of New England,,Australia,Oceania
,"Korovulavula, Isoa",University of Queensland,,Australia,Oceania,University of Queensland,,Australia,Oceania
,"Kuridrani, Litiana",University of the South Pacific,,Fiji,Oceania,University of Queensland,,Australia,Oceania
95,"Lagi, Rosiana",University of New England,Armidale,Australia,Oceania,University of the South Pacific,Suva,Fiji,Oceania
,"Lako, Jimaima",Japan Women’s University,,Japan,Asia,Monash University,,Australia,Oceania
,"Lesuma, Vosawale",Clemson University,,USA,Americas,University of Sydney,,Australia,Oceania
106,"Leweniqila, Ilisoni",University of the South Pacific,Suva,Fiji,Oceania,Massey University,Palmerston North,New Zealand,Oceania
139,"Meo-Sewabu, Litea",Tulane University,New Orleans,USA,Americas,Massey University,Palmerston North,New Zealand,Oceania
140,"Movono, Apisalome",University of the South Pacific,Suva,Fiji,Oceania,Griffith University,Brisbane,Australia,Oceania
145,"Nabobo-Baba, Unaisi",University of the South Pacific,Suva,Fiji,Oceania,University of Auckland,Auckland,New Zealand,Oceania
588,"Naikatini, Alifereti Neisava",University of the South Pacific,Suva,Fiji,Oceania,University of the South Pacific,Suva,Fiji,Oceania
157,"Naisilisili, Sereima Volivoli",University of the South Pacific,Suva,Fiji,Oceania,University of the South Pacific,Suva,Fiji,Oceania
171,"Naqasima-Sobey, Milika",University of the South Pacific,Suva,Fiji,Oceania,University of Essex,Colchester,United Kingdom,Europe
175,"Nasalo, Salote S.",University of the South Pacific,Suva,Fiji,Oceania,University of the South Pacific,Suva,Fiji,Oceania
,"Nayacalevu, Romulo",University of the South Pacific,Suva,Fiji,Oceania,Australian National University,,Australia,Oceania
187,"Osborne-Naikatini, Tamara",University of the South Pacific,Suva,Fiji,Oceania,University of the South Pacific,Suva,Fiji,Oceania
189,"Puamau, Virisila Qolisaya Lidise",University of the South Pacific,Suva,Fiji,Oceania,University of Queensland,Brisbane,Australia,Oceania
202,"Raisele, Kolaia",University of the South Pacific,Suva,Fiji,Oceania,La Trobe university,Melbourne,Australia,Oceania
206,"Rarokolutu, Ratu Tevita",University of Malta,Msida,Malta,Europe,University of the South Pacific,Suva,Fiji,Oceania
215,"Ratuva, Steven",University of the South Pacific,Suva,Fiji,Oceania,University of Sussex,Brighton,United Kingdom,Europe
223,"Ravuvu, Amerita",University of the South Pacific,Suva,Fiji,Oceania,UNSW Sydney,Sydney,Australia,Oceania
224,"Ravuvu, Asesela",University of the South Pacific,Suva,Fiji,Oceania,University of Auckland,Auckland,New Zealand,Oceania
459,"Rokolekutu, Ponipate",University of Hawaiʻi at Mānoa,Honolulu,USA,Americas,University of Hawaiʻi at Mānoa,Honolulu,USA,Americas
237,"Sakai, Sevanaia",University of the South Pacific,Suva,Fiji,Oceania,University of the South Pacific,Suva,Fiji,Oceania
,"Samisoni, Mere Tuisalato",University of the Sunshine Coast,,Australia,Oceania,University of the Sunshine Coast,,Australia,Oceania
244,"Samuwai, Jale",University of the South Pacific,Suva,Fiji,Oceania,University of the South Pacific,Suva,Fiji,Oceania
268,"Tabudravu, Jioji N.",University of the South Pacific,Suva,Fiji,Oceania,University of Aberdeen,Aberdeen,United Kingdom,Europe
,"Taga, Raijeli",University of Queensland,,Australia,Oceania,University of Queensland,,Australia,Oceania
276,"Tagicakiverata, Isimeli Waibuta",University of the South Pacific,Suva,Fiji,Oceania,University of Newcastle,Newcastle,Australia,Oceania
280,"Tamata, Apolonia",University of Hawaiʻi at Mānoa,Honolulu,USA,Americas,University of the South Pacific,Suva,Fiji,Oceania
,"Tamata, Ulukalesi",University of New South Wales,,Australia,Oceania,University of Wollongong,,Australia,Oceania
,"Tiko, Lavinia",University of London,,United Kingdom,Europe,University of New England,Armidale,Australia,Oceania
300,"Tikoca, Siteri",University of the South Pacific,Suva,Fiji,Oceania,University of Adelaide,Adelaide,Australia,Oceania
460,"Tokalauvere, Lanieta V.",University of the South Pacific,Suva,Fiji,Oceania,University of the South Pacific,Suva,Fiji,Oceania
,"Tuiketei, Ana",Pepperdine University,,USA,Americas,Fiji National University,,Fiji,Oceania
318,"Tuimavana, Ruveni W. R.",University of the South Pacific,Suva,Fiji,Oceania,Massey University,Auckland,New Zealand,Oceania
,"Tukana, Andrew",University of Western Sydney,Sydney,Australia,Oceania,James Cook University,,Australia,Oceania
338,"Vada, Sera",University of the South Pacific,Suva,Fiji,Oceania,Griffith University,Brisbane,Australia,Oceania
351,"Vave, Ron",University of the South Pacific,Suva,Fiji,Oceania,University of Hawaiʻi at Mānoa,Honolulu,USA,Americas
352,"Veisa, Filipe",University of the South Pacific,Suva,Fiji,Oceania,University of the South Pacific,Suva,Fiji,Oceania
354,"Veitayaki, Joeli",University of the South Pacific,Suva,Fiji,Oceania,Australian National University,Canberra,Australia,Oceania
363,"Vuki, Veikila C.",James Cook University,Townsville,Australia,Oceania,University of Southampton,Southampton,United Kingdom,Europe
462,"Vunidilo, Tarisi",University of Waikato,Hamilton,New Zealand,Oceania,University of Auckland,Auckland,New Zealand,Oceania
380,"Waqa-Sakiti, Hilda",University of the South Pacific,Suva,Fiji,Oceania,University of the South Pacific,Suva,Fiji,Oceania
394,"Yabaki-Goundar, Mere",University of the South Pacific,Suva,Fiji,Oceania,University of the South Pacific,Suva,Fiji,Oceania
