Publication ID / BibTeX Key,Title,Year,DOI,URL,Publication Type
ravulo_handbook_2024,Handbook of Critical Whiteness: Deconstructing Dominant Discourses Across Disciplines,2024,10.1007/978-981-97-5085-6,https://doi.org/10.1007/978-981-97-5085-6,Book
ravulo_pacific_2019,"Pacific Social Work: Navigating Practice, Policy and Research",2019,10.4324/9781315144252,https://doi.org/10.4324/9781315144252,Book
mcveigh_understanding_2025,Understanding Spirituality and the Sacred in Social Work Practice: Spirited Conversations,2025,10.4324/9781003400790,https://doi.org/10.4324/9781003400790,Book
ratuva_covid-19_2021,COVID-19 and Social Protection: A Study in Human Resilience and Social Solidarity,2021,10.1007/978-981-16-2948-8,https://doi.org/10.1007/978-981-16-2948-8,Book
ratuva_guns_2019,Guns & Roses: Comparative Civil–Military Relations in the Changing Security Environment,2019,10.1007/978-981-13-2008-8,https://doi.org/10.1007/978-981-13-2008-8,Book
mead_pacific_2007,Pacific Genes & Life Patents: Pacific Experiences & Analysis of the Commodification of Life,2007,,https://profiles.canterbury.ac.nz/Steven-Ratuva/publications,Book
ratuva_rethinking_2025,"Rethinking Climate Change, Security and Politics",2025,10.1007/978-981-96-4843-6,https://doi.org/10.1007/978-981-96-4843-6,Book
ratuva_risks_2021,"Risks, Identity and Conflict: Theoretical Perspectives and Case Studies",2021,10.1007/978-981-16-1486-6,https://doi.org/10.1007/978-981-16-1486-6,Book
ratuva_palgrave_2019,The Palgrave Handbook of Ethnicity,2019,10.1007/978-981-13-0242-8,https://doi.org/10.1007/978-981-13-0242-8,Book
ratuva_people_2016-1,The People Have Spoken: The 2014 Elections in Fiji,2016,10.22459/TPHS.03.2016,https://doi.org/10.22459/TPHS.03.2016,Book
ratuva_voices_2024,"Voices of the Pacific: Climate Crisis, Adaptation and Resilience—Pacific Ocean and Climate Crisis Assessment Report, Volume 1",2024,10.26021/15556,https://doi.org/10.26021/15556,Report
lako_food_2012,Food Safety Challenges in the Pacific: The Case of Fiji,2012,,https://repository.usp.ac.fj/view/creators/Lako=3AJimaima_V=2E=3A=3A.html,Book
morrison_fijis_1992,Fiji's Great Astrolabe Reef and Lagoon: A Baseline Study,1992,,,Book
dawson_proceedings_2019,"Proceedings of the Sociology, Gender Studies & Criminology, Social & Community Work Postgraduate Symposium III",2019,,,Book
finigan_proceedings_2019,Proceedings of the Pacific Postgraduate Symposium: Pacific Voices XVI,2019,,https://www.otago.ac.nz/pacific,Book
finigan_proceedings_2020,Proceedings of the Pacific Postgraduate Symposium: Pacific Voices XVII,2020,,https://www.otago.ac.nz/pacific,Book
vakaoti_special_2022,Special issue: Spaces and practices of Pacific thought and research,2022,,,Journal Article
gibbs_proceedings_2023,"Proceedings of the Sociology, Gender Studies & Criminology and Social & Community Work Postgraduate Symposium VII",2023,,,Book
gibbs_proceedings_2024,"Proceedings of the Te Taura Takata Sociology, Gender Studies & Criminology Postgraduate Symposium VIII",2024,,,Book
narsey_population_2010,Population and Development in the Pacific Islands: Accelerating the ICPD Programme of Action at 15,2010,,https://repository.usp.ac.fj/id/eprint/4639/,Book
bain_bavadra_1990,"Bavadra: Prime Minister, Statesman, Man of the People: Selection of Speeches and Writings, 1985–1989",1990,,https://cir.nii.ac.jp/crid/1971712334773357217,Book
puamau_pacific_2007,Pacific Voices: Teacher Education on the Move,2007,,,Book
puamau_best_2010,Best Practice in Pacific Education: Learning with PRIDE,2010,,https://repository.usp.ac.fj/id/eprint/2013/,Book
puamau_basics_2007,The Basics of Learning: Literacy and Numeracy in the Pacific,2007,,https://repository.usp.ac.fj/id/eprint/2382/,Book
puamau_early_2008,Early Childhood Care and Education in the Pacific,2008,,https://repository.usp.ac.fj/id/eprint/568/,Book
puamau_inclusive_2009,Inclusive Education in the Pacific,2009,,https://repository.usp.ac.fj/id/eprint/1271/,Book
puamau_educational_2005,Educational Planning in the Pacific: Principles and Guidelines,2005,,https://library.sprep.org/sites/default/files/74_2.pdf,Book
chalmers_educational_1999,Educational Research in New Times: Imagining Communities for Diversity and Inclusiveness,1999,,https://espace.library.uq.edu.au/view/UQ:146772,Book
kikau_wisdom_1981,The Wisdom of Fiji,1981,,https://catalogue.nla.gov.au/catalog/371275,Book
veitayaki_coastal_1997,Coastal Fisheries in the Tropical South Pacific: A Question of Sustainability,1997,,,Book
novaczek_pacific_2005,Pacific Voices: Equity and Sustainability in Pacific Island Fisheries,2005,,,Book
noauthor_notitle_nodate,,0,,,PhD Thesis
bogitini_raturi_oer_part1_2021,Open Educational Resources Part I: From Basics to the Big Picture,2021,,https://repository.usp.ac.fj/view/creators/Bogitini%3D3ALia_J%3D2EK%3D2ED%3D2E%3D3A%3D3A.html,Book Chapter
bogitini_raturi_oer_part2_2021,Open Educational Resources Part II: Experiences and Perspectives of New OER Users,2021,,https://repository.usp.ac.fj/view/creators/Bogitini%3D3ALia_J%3D2EK%3D2ED%3D2E%3D3A%3D3A.html,Book Chapter
bogitini_conservation_2011,Conservation of Fiji's Plactostylid land snails,2011,,https://repository.usp.ac.fj/view/creators/Bogitini%3D3ALia_J%3D2EK%3D2ED%3D2E%3D3A%3D3A.html,Conference Paper
barker_diversity_2016,"Diversity and current conservation status of Melanesian - New Zealand Placostylinae land snails (Gastropoda, Bothriembryontidae), with discussion of conservation imperatives, priorities and methodology issues",2016,,https://repository.usp.ac.fj/view/creators/Bogitini%3D3ALia_J%3D2EK%3D2ED%3D2E%3D3A%3D3A.html,Journal Article
brodie_documentation_2013,Documentation of Fiji's endemic and introduced land snail fauna,2013,,https://repository.usp.ac.fj/view/creators/Bogitini%3D3ALia_J%3D2EK%3D2ED%3D2E%3D3A%3D3A.html,Report
bulivou_novel_clustering_2022,A Novel Method of Clustering Using a Stochastic Approach,2022,10.1109/ACCESS.2022.3219457,https://doi.org/10.1109/ACCESS.2022.3219457,Journal Article
paea_kmeans_card_sorting_2021,Information Architecture: Using K-Means Clustering and the Best Merge Method for Open Card Sorting Data Analysis,2021,10.1093/iwc/iwac022,https://doi.org/10.1093/iwc/iwac022,Journal Article
paea_best_merge_card_sorting_2024,"Information Architecture: Using Best Merge Method, Category Validity, and Multidimensional Scaling for Open Card Sort Data Analysis",2024,10.1080/10447318.2022.2112077,https://doi.org/10.1080/10447318.2022.2112077,Journal Article
paea_emergency_remote_teaching_2024,Emergency Remote Teaching in Higher Education Institutes: A Taxonomy of Challenges Faced by First-Year Mathematics Students in the Pacific Region,2024,10.1109/ACCESS.2024.3351098,https://doi.org/10.1109/ACCESS.2024.3351098,Journal Article
kumar_wave_energy_fiji_2025,"Time-variations of wave energy and forecasting power availability at a site in Fiji using time-series, regression and ANN techniques",2025,10.1080/03036758.2024.2395910,https://doi.org/10.1080/03036758.2024.2395910,Journal Article
bulivou_cluster_optimization_2025,"Cluster Optimization for Exponential, Right-Triangular, and Uniformly Distributed Data",2025,10.1109/ACCESS.2025.3544830,https://doi.org/10.1109/ACCESS.2025.3544830,Journal Article
paea_racial_inequality_engineering_2026,Racial inequality in engineering education: a taxonomy of challenges faced by female engineering students in the Pacific region,2026,10.1080/03043797.2026.2624433,https://doi.org/10.1080/03043797.2026.2624433,Journal Article
paea_empirical_kmeans_initialization_2026,Empirical Comparison of K-Means Initialization Methods for Card Sorting Data Analysis,2026,10.1080/10447318.2026.2646433,https://doi.org/10.1080/10447318.2026.2646433,Journal Article
paea_card_sorting_educon_2024,Using Card Sorting to Redesign the Information Architecture of a University e-Learning Platform,2024,10.1109/EDUCON60312.2024.10578871,https://doi.org/10.1109/EDUCON60312.2024.10578871,Conference Paper
banivanua_consolidating_2005,Consolidating violence and colonial rule: discipline and protection in colonial Queensland,2005,10.1080/13688790500231053,https://doi.org/10.1080/13688790500231053,Journal Article
banivanua_violence_colonial_dialogue_2007,Violence and Colonial Dialogue: The Australian-Pacific Indentured Labor Trade,2007,,https://uhpress.hawaii.edu/title/violence-and-colonial-dialogue-the-australian-pacific-indentured-labor-trade/,Book
banivanua_thousand_miles_2008,“A thousand miles of cannibal lands”: imagining away genocide in the re-colonization of West Papua,2008,10.1080/14623520802447743,https://doi.org/10.1080/14623520802447743,Journal Article
banivanua_frontier_space_2009,"Frontier space and the Reification of the Rule of Law: Colonial Negotiations in the Western Pacific, 1870–74",2009,10.1080/13200968.2009.10854414,https://doi.org/10.1080/13200968.2009.10854414,Journal Article
banivanua_cannibalism_colonialism_2010,Cannibalism and colonialism: Charting colonies and frontiers in nineteenth-century Fiji,2010,10.1017/S0010417510000046,https://doi.org/10.1017/S0010417510000046,Journal Article
banivanua_belonging_country_2012,"Belonging to Country: Racialising Space and Resistance on Queensland's Transnational Margins, 1880–1900",2012,10.1080/1031461X.2011.645841,https://doi.org/10.1080/1031461X.2011.645841,Journal Article
banivanua_imperial_literacy_2013,Imperial literacy and indigenous rights: Tracing transoceanic circuits of a modern discourse,2013,10.22459/AH.37.2013.01,https://doi.org/10.22459/AH.37.2013.01,Journal Article
banivanua_shadowing_imperial_2015,Shadowing Imperial Networks: Indigenous Mobility and Australia's Pacific Past,2015,10.1080/1031461X.2015.1076012,https://doi.org/10.1080/1031461X.2015.1076012,Journal Article
banivanua_performing_cannibalism_2016,Performing Cannibalism in the South Seas,2016,,https://www.jstor.org/stable/j.ctt1q1crs3.26,Book Chapter
banivanua_stabilising_violence_2017,Stabilising Violence in Colonial Rule: Settlement and the Indentured Labour Trade in Queensland in the 1870s,2017,10.5263/labourhistory.113.0009,https://doi.org/10.5263/labourhistory.113.0009,Journal Article
banivanua_rhook_counter_networks_2018,Counter Networks of Empires: Reading unexpected people in unexpected places,2018,10.1353/cch.2018.0009,https://doi.org/10.1353/cch.2018.0009,Journal Article
dakuidreketi_teaching_science_fiji_2016,Teaching Science in Fiji,2016,,https://repository.usp.ac.fj/view/creators/Bakalevu=3ASalanieta=3A=3A.html,Book Chapter
bakalevu_melanesia_overview_2015,Melanesia: an overview,2015,,https://repository.usp.ac.fj/view/creators/Bakalevu=3ASalanieta=3A=3A.html,Book Chapter
bakalevu_rising_new_challenges_2010,"Rising to new challenges in education: lifelong learning, learning anywhere and anytime",2010,,https://repository.usp.ac.fj/view/creators/Bakalevu=3ASalanieta=3A=3A.html,Book Chapter
bakalevu_engendering_culturally_responsive_2009,Engendering culturally responsive teaching,2009,,https://repository.usp.ac.fj/view/creators/Bakalevu=3ASalanieta=3A=3A.html,Book Chapter
bakalevu_personal_images_teacher_2008,Personal images of a teacher,2008,,https://repository.usp.ac.fj/view/creators/Bakalevu=3ASalanieta=3A=3A.html,Book Chapter
bakalevu_building_bridges_2007,"Building bridges: at home I add, at school I multiply",2007,,https://repository.usp.ac.fj/view/creators/Bakalevu=3ASalanieta=3A=3A.html,Book Chapter
bakalevu_local_knowledge_wisdom_2007,Local knowledge and wisdom in Pacific teacher education,2007,,https://repository.usp.ac.fj/view/creators/Bakalevu=3ASalanieta=3A=3A.html,Book Chapter
bakalevu_regional_perspectives_ict_2005,Regional perspectives: current status and general trends of ICT in education in the Pacific,2005,,https://repository.usp.ac.fj/view/creators/Bakalevu=3ASalanieta=3A=3A.html,Book Chapter
bakalevu_tuitoga_fiji_ict_2003,Fiji: ICT use in education,2003,,https://repository.usp.ac.fj/view/creators/Bakalevu=3ASalanieta=3A=3A.html,Book Chapter
bakalevu_improving_practice_math_2007,Improving the practice of mathematics teachers in PICs: the role of reflection,2007,,https://repository.usp.ac.fj/view/creators/Bakalevu=3ASalanieta=3A=3A.html,Other
dayal_students_reflections_portfolio_2017,Students’ reflections on portfolio assessment in Mathematics in Fiji,2017,,https://repository.usp.ac.fj/view/creators/Bakalevu=3ASalanieta=3A=3A.html,Journal Article
bakalevu_narayan_continuing_education_tvet_2010,Continuing education & TVET: an alternative system at the University of the South Pacific,2010,,https://repository.usp.ac.fj/view/creators/Bakalevu=3ASalanieta=3A=3A.html,Journal Article
bakalevu_morrison_fiji_ict_teacher_training_2005,Fiji: implementation of ICT in teacher training,2005,,https://repository.usp.ac.fj/view/creators/Bakalevu=3ASalanieta=3A=3A.html,Report
bakalevu_soe_fcae_project_2009,The SOE-FCAE project: franchising the BED program,2009,,https://repository.usp.ac.fj/view/creators/Bakalevu=3ASalanieta=3A=3A.html,Other
bainivalu_characterization_hydrocarbons_2026,Characterization of Hydrocarbons and Microbial Degradation Potential in the Pacific WWII Shipwreck Oil,2026,10.2139/ssrn.7181518,https://ssrn.com/abstract=7181518,Unpublished
aporosa_kava_ethnocultural_2019,Kava and ethno-cultural identity in Oceania,2019,10.1007/978-981-13-0242-8_134-1,https://doi.org/10.1007/978-981-13-0242-8_134-1,Book Chapter
aporosa_decolonising_quantitative_2021,Decolonising quantitative methods within a Pacific research space to explore cognitive effects following kava use,2021,,https://hdl.handle.net/10289/14153,Journal Article
aporosa_tomlinson_kava_hangover_2014,Kava hangover and gold-standard science,2014,10.1353/ant.2014.0014,https://doi.org/10.1353/ant.2014.0014,Journal Article
yeo_mobile_app_2022,Mobile app development: Work-integrated learning collaborations with Māori and Fijian partners,2022,,https://hdl.handle.net/10289/14955,Journal Article
tun_xdr_pseudomonas_2024,An extensively drug-resistant Pseudomonas aeruginosa isolate from Myanmar,2024,10.1016/j.jgar.2023.11.004,https://doi.org/10.1016/j.jgar.2023.11.004,Journal Article
baleivanualala_tb_genomic_2025,Genomic epidemiology of Mycobacterium tuberculosis complex in Fiji,2025,,https://www.otago.ac.nz/microbiology-and-immunology/profile?id=3830,Conference Paper
baleivanualala_amr_surveillance_lessons_2025,Lessons learned from establishing antimicrobial resistance genomic surveillance in Fiji,2025,,https://www.otago.ac.nz/microbiology-and-immunology/profile?id=3830,Conference Paper
baledrokadroka_unintended_2012,The Unintended Consequences of Fiji's International Peacekeeping,2012,,http://hdl.handle.net/1885/18154,Journal Article
baledrokadroka_military_postcolonial_2013,The Military in Post-Colonial Fiji,2013,10.22459/PDSO.04.2013.03,https://doi.org/10.22459/PDSO.04.2013.03,Book Chapter
baledrokadroka_fijian_ethnonationalism_2009,Fijian Ethno-Nationalism,2009,10.22459/MTF.04.2009.28,https://doi.org/10.22459/MTF.04.2009.28,Book Chapter
baledrokadroka_fiji_military_elections_2016,The Fiji military and the 2014 elections,2016,10.22459/TPHS.03.2016.09,https://doi.org/10.22459/TPHS.03.2016.09,Book Chapter
alifereti_fijian_language_learning_2010,Fijian Language and Learning: The status of Fijian language as a subject in schools,2010,,https://www.researchgate.net/publication/308691989_The_status_of_Fijian_as_a_subject_in_schools,Book
alifereti_verticality_2013,An Investigation of Verticality in Tertiary Students’ Academic Writing Texts: A Systemic Functional Perspective,2013,10.7575/aiac.ijalel.v.2n.3p.163,https://doi.org/10.7575/aiac.ijalel.v.2n.3p.163,Journal Article
alifereti_improving_academic_writing_2017,Improving academic writing skills,2017,,https://repository.usp.ac.fj/id/eprint/10223/,Other
alifereti_metaphoric_noun_variants_2019,Metaphoric Noun Variants and Modification Types in Undergraduate ESL Students’ Academic Writing Texts,2019,10.7575/aiac.ijalel.v.8n.3p.46,https://doi.org/10.7575/aiac.ijalel.v.8n.3p.46,Journal Article
alifereti_indigenous_knowledge_woven_2020,Analysing Indigenous Knowledge Woven in Cultural Texts,2020,10.1080/14442213.2020.1844285,https://doi.org/10.1080/14442213.2020.1844285,Journal Article
thaman_ba_energy_needs_1979,Energy needs and forest resources of small islands,1979,,,Conference Paper
bain_protective_labour_policy_1988,A protective labour policy? An alternative interpretation of early colonial labour policy in Fiji,1988,10.1080/00223348808572584,https://doi.org/10.1080/00223348808572584,Journal Article
bain_bavadra_1990,"Bavadra, Prime Minister, statesman, man of the people: selection of speeches and writings, 1985-1989",1990,,https://natlib.govt.nz/records/21917337,Book
emberson-bain_labour_and_gold_1994,Labour and Gold in Fiji,1994,,https://books.google.com/books?id=F7-wAAAAIAAJ,Book
emberson-bain_sustainable_development_1994,Sustainable Development or Malignant Growth? Perspectives of Pacific Island Women,1994,,,Book
emberson-bain_women_in_tonga_1998,Women in Tonga,1998,,https://www.adb.org/sites/default/files/institutional-document/32602/women-tonga.pdf,Report
balawanilotu_review_remembrance_2003,Review of Remembrance of Pacific Pasts: An Invitation to Remake History,2003,,https://www.jstor.org/stable/23722035,Book Review
baleidelabaci_racial_integration_2021,Racial Integration in Transition: A Magimagi Historical Assessment of the Methodist Church in Fiji’s Response to Identity and Race Issues in Fiji,2021,,https://ptc.ac.fj/theses/,Master's Thesis
goundar_doctoral_supervisory_feedback_2026,A qualitative study of doctoral students’ experiences with written supervisory feedback,2026,10.1177/14782103251381547,https://doi.org/10.1177/14782103251381547,Journal Article
nuttall_policy_financing_sea_transport_2014,Policy and financing—why is sea transport currently invisible in the search for a low carbon future for Pacific Island Countries?,2014,10.3389/fmars.2014.00020,https://doi.org/10.3389/fmars.2014.00020,Journal Article
newell_solodamu_surveys_2015,The Solodamu Surveys: determining fossil fuel use and sea transport need in a coastal village in Fiji,2015,10.3389/fmars.2015.00059,https://doi.org/10.3389/fmars.2015.00059,Journal Article
bola_sustainable_sea_transport_lomaiviti_2017,"Potential for sustainable sea transport: A case study of the Southern Lomaiviti, Fiji islands",2017,10.1016/j.marpol.2016.02.002,https://doi.org/10.1016/j.marpol.2016.02.002,Journal Article
boladuadua_cervical_cancer_screening_2011,Fijian women's perspectives on cervical cancer screening and supports and barriers to use of cervical screening services,2011,,https://www.otago.ac.nz/heppru/postgraduate,Master's Thesis
boladuadua_ditchburn_tobacco_use_2014,Tobacco Use 2012/13: New Zealand Health Survey,2014,,https://www.health.govt.nz/publications/tobacco-use-201213-new-zealand-health-survey,Report
howie_oxygen_treatment_solution_2020,The development and implementation of an oxygen treatment solution for health facilities in low and middle-income countries,2020,10.7189/jogh.10.020425,https://doi.org/10.7189/jogh.10.020425,Journal Article
mcallister_oxygen_concentrators_fiji_2021,Cost analysis and critical success factors of the use of oxygen concentrators versus cylinders in sub-divisional hospitals in Fiji,2021,10.1186/s12913-021-06687-8,https://doi.org/10.1186/s12913-021-06687-8,Journal Article
mortimer_living_with_asthma_2024,Living with Asthma in Low- and Middle-Income Countries in the Six WHO Regions,2024,10.1056/EVIDpp2300292,https://doi.org/10.1056/EVIDpp2300292,Journal Article
boladuadua_reimagining_global_health_2026,Re-imagining Global Health: perspectives from the next generation in the Pacific region,2026,10.1016/j.lanwpc.2025.101787,https://doi.org/10.1016/j.lanwpc.2025.101787,Journal Article
wright_covid_rheumatic_fever_inequities_2026,"The COVID-19 pandemic and acute rheumatic fever inequities, Aotearoa New Zealand, 2020–2022",2026,10.26635/6965.7303,https://doi.org/10.26635/6965.7303,Journal Article
hartman_hmpv_ai_an_children_2026,"105. Burden and Epidemiology of Human Metapneumovirus (hMPV) Acute Respiratory Infection (ARI) among American Indian and Alaska Native (AI/AN) Children <5 years of Age, November 2019-May 2024",2026,10.1093/ofid/ofaf695.040,https://doi.org/10.1093/ofid/ofaf695.040,Conference Paper
bolatagici_just_like_home_2010,Just Like Home: Suburban Realities and the Art of Lisa Hilli,2010,,https://www.artmonthly.org.au/issue-232-august-2010,Journal Article
buatava_footsteps_mosese_1996,"In the Footsteps of Mosese: The Foundation Years of Roman Catholic Catechists in Fiji, 1842–1893",1996,,https://elibrary.tnu.edu.to/bib/291,Book Chapter
kitolelei_fisherwomen_ocean_decade_2023,Contributions of fisherwomen’s indigenous fishing knowledge to the UN Decade of Ocean Science for Sustainable Development (2021–2030),2023,,https://spccfpstore1.blob.core.windows.net/digitallibrary-docs/files/65/65350e8e3985a3d448fbcfc579291c6d.pdf,Journal Article
kitolelei_climate_resilience_fiji_2024,"Assessing and advancing climate resilience in Fijian marine ecosystems, fisheries and fishing communities",2024,,https://www.researchgate.net/publication/384637786_Assessing_and_advancing_climate_resilience_in_Fijian_marine_ecosystems_fisheries_and_fishing_communities,Journal Article
dehm_ecological_traits_microplastic_2026,Considering ecological traits of fishes to understand microplastic ingestion across Pacific coastal fisheries,2026,10.1371/journal.pone.0339852,https://doi.org/10.1371/journal.pone.0339852,Journal Article
ford_community_informed_microplastic_2026,A community-informed microplastic exposure index based on Pacific Island fisheries: Integrating local knowledge with empirical data,2026,10.1017/cft.2026.10027,https://doi.org/10.1017/cft.2026.10027,Journal Article
cabenalevu_role_viwa_1988,The Role of Viwa in the Spreading of Christianity in Fiji,1988,,https://pcu.ac.fj/pcu-thesis/,Other Thesis
cabenalevu_analysis_viwa_2011,Analysis of the Social and Political Context of Fiji’s Early Mission History on Viwa,2011,,https://pcu.ac.fj/pcu-thesis/,Master's Thesis
cagi_pastoral_counselling_model_2009,Towards a Pastoral Counselling Model for Responding to the Challenges Experienced by Indigenous Fijian Youth on the Streets of Suva,2009,,https://ptc.ac.fj/theses/,Master's Thesis
cagilaba_financial_integration_south_pacific_2019,"Financial integration in open, small economies of the South Pacific: Extent, consequences and policy implications",2019,,https://www.griffith.edu.au/research/business/asia-institute/pacific-islands-centre-development-policy-research/working-papers,Report
cagilaba_correspondent_banking_vanuatu_2021,Recent Developments in Correspondent Banking Relationships in the Pacific Island Countries,2021,,https://www.elibrary.imf.org/view/journals/002/2021/208/article-A001-en.xml,Report
cagilaba_economic_diversification_vanuatu_2021,Promoting Economic Diversification in the Post-COVID Era,2021,,https://www.elibrary.imf.org/view/journals/002/2021/208/article-A001-en.xml,Report
cagilaba_nauru_trust_fund_2022,An Update on the Nauru Trust Fund,2022,,https://www.elibrary.imf.org/view/journals/002/2022/028/article-A001-en.xml,Report
cagilaba_long_term_growth_nauru_2022,Long Term Growth Opportunities for Nauru,2022,,https://www.elibrary.imf.org/view/journals/002/2022/028/article-A001-en.xml,Report
jayawardena_banking_integration_2022,"Banking Integration in Open, Small Economies of the Pacific Island Countries",2022,10.1515/apjri-2021-0004,https://doi.org/10.1515/apjri-2021-0004,Journal Article
cagilaba_post_covid_inflation_vanuatu_2023,Post-COVID-19 Inflation Dynamics in Vanuatu,2023,,https://www.elibrary.imf.org/view/journals/002/2023/115/article-A001-en.xml,Report
cagilaba_digital_money_vanuatu_2023,The Digital Money Landscape in Small Island Developing States: The Case of Vanuatu,2023,,https://www.elibrary.imf.org/view/journals/002/2023/115/article-A001-en.xml,Report
al_jarbou_cagilaba_financial_sector_nauru_2023,Financial Sector Development,2023,,https://www.elibrary.imf.org/view/journals/002/2023/376/article-A001-en.xml,Report
cagilaba_labor_migration_fiji_2024,Labor Migration in Fiji,2024,,https://www.elibrary.imf.org/view/journals/002/2024/159/article-A001-en.xml,Report
cagilaba_digital_financial_inclusion_solomon_2025,Enhancing Growth in Solomon Islands through Digital Financial Inclusion,2025,,https://www.elibrary.imf.org/view/journals/002/2025/049/article-A001-en.xml,Report
wilson_exploitation_habitat_2008,Exploitation and habitat degradation as agents of change within coral reef fish communities,2008,10.1111/j.1365-2486.2008.01696.x,https://doi.org/10.1111/j.1365-2486.2008.01696.x,Journal Article
wilson_habitat_degradation_2010,Habitat degradation and fishing effects on the size structure of coral reef fish communities,2010,10.1890/08-2205.1,https://doi.org/10.1890/08-2205.1,Journal Article
cakacaka_status_fin_fisheries_2010,"Status of fin fisheries in a Fijian traditional fishing ground, Kubulau District, Vanua Levu",2010,,https://www.researchgate.net/publication/284883699_Status_of_fin_fisheries_in_a_Fijian_traditional_fishing_ground_Kubulau_District_Vanua_Levu,Report
jupiter_single_intensive_harvest_2012,Effects of a single intensive harvest event on fish populations inside a customary marine closure,2012,10.1007/s00338-012-0888-x,https://doi.org/10.1007/s00338-012-0888-x,Journal Article
jupiter_provincial_icm_2012,Building Provincial-level Integrated Coastal Management Plans: Outcomes from the Vatu-i-Ra Seascape Stakeholders Workshop,2012,,https://library.wcs.org/en-us/Scientific-Research/Research-Publications/Publications-Library/ctl/view/mid/40093/pubid/DMX4081300000.aspx,Report
comley_taxonomic_survey_intensities_2007,An examination of the effectiveness of different taxonomic survey intensities represented by indicator fish species used in different methodologies in understanding the effects of marine protected area designation on fish population abundance in a Fijian context,2007,,https://repository.usp.ac.fj/id/eprint/2397/,Report
jupiter_catchments_streams_2012,"Effects of alteration to catchments and streams on freshwater fish communities of Vanua Levu, Fiji",2012,,https://fiji.wcs.org/Resources/Reports.aspx,Report
cawanikawai_indigenous_language_loss_2024,"Indigenous Language Loss Amongst Young Fijian Methodists in Wellington, New Zealand",2024,,https://pcu.ac.fj/pcu-thesis/,Master's Thesis
cokanauto_revisiting_habakkuk_2022,Re-visiting the Book of Habakkuk in the iTaukei Concepts of Colacola and Vakanomodi in Modern Fijian Society,2022,,https://pcu.ac.fj/pcu-thesis/,Master's Thesis
copeland_freshwater_ichthyofauna_2016,"Freshwater ichthyofauna of the Pacific-Asia Biodiversity Transect (PABITRA) Gateway in Viti Levu, Fiji",2016,10.1071/PC14928,https://doi.org/10.1071/PC14928,Journal Article
copeland_endemic_catadromous_prisma_2023,Exploring the Research Landscape of Endemic Catadromous Fishes: A Comprehensive Bibliometric Study and PRISMA Review,2023,10.3390/d15070825,https://doi.org/10.3390/d15070825,Journal Article
tuiwawa_white_black_list_2023,White and Black list of Fiji’s Invasive Alien Species,2023,,https://www.agriculture.gov.fj/documents/booklets/FAJ%20Vol%2060%20Issue%201%20July%202023%20Master%20File%20for%20Web.pdf,Journal Article
walsh_freshwater_tabus_2018,Freshwater Tabus and Protected Areas: An Overview of the Benefits and Costs of Implementation,2018,,https://www.researchgate.net/publication/344399211_Freshwater_tabus_and_protected_areas_An_overview_of_benefits_and_costs_of_implementation_for_practitioners,Report
bulamainaivalu_fiji_hibiscus_health_audit_2013,2011 Fiji Hibiscus Festival Health Audit,2013,,https://health.gov.fj/PDFs/Fiji%20Journal%20of%20Public%20Health%20Vol2Issue1.pdf,Journal Article
hawea_cultural_determinants_2021,Cultural Determinants of Fruits and Vegetable Consumption in Indigenous (iTaukei) Fijian Children: A Qualitative Study of Caregivers,2021,10.1177/10105395211038458,https://doi.org/10.1177/10105395211038458,Journal Article
naliva_nutrition_related_health_ageing_fiji_2024,Exploring the Nutrition-Related Health of the Ageing Population in Fiji: A Narrative Review,2024,10.1177/00469580241292433,https://doi.org/10.1177/00469580241292433,Journal Article
naliva_dietary_intake_older_fiji_2026,"Dietary Intake Among Community-Dwelling Adults Aged 55 Years and Older in the Central Division, Fiji",2026,10.3390/nu18142354,https://doi.org/10.3390/nu18142354,Journal Article
dakuidreketi_context_science_teaching_book_2006,Context of science teaching and learning in Fiji primary schools: a comparative study of ethnic Fijian and Indo-Fijian communities,2006,,https://repository.usp.ac.fj/view/subjects/LB1501.type.html,Book
dakuidreketi_ethnic_fijian_underachievement_2008,Ethnic Fijian students underachievement in science at school: causes and solutions,2008,,https://repository.usp.ac.fj/view/types/book%3D5Fsection.html,Book Chapter
dakuidreketi_highlights_career_2008,Highlights of my career,2008,,https://repository.usp.ac.fj/view/types/book%3D5Fsection.html,Book Chapter
dakuidreketi_oral_traditional_thought_2012,Oral/Traditional Thought versus Scientific/Eurocentric Thought: Implications on Indigenous Fijian and Indo-Fijian Science Learning and Achievement in Schools,2012,,https://www.aijcrnet.com/journals/Vol_2_No_10_October_2012/11.pdf,Journal Article
dakuidreketi_scientific_method_literacy_2014,Scientific Method and Advent of Literacy: towards Understanding Itaukei and Indo-Fijian School Students’ Differential Achievement in Science,2014,10.13189/ujer.2014.020201,https://doi.org/10.13189/ujer.2014.020201,Journal Article
dakuidreketi_making_education_functional_2014,Making education more functional for communities in Fiji: the case of the partners in the advancement of children's education programme,2014,,https://repository.usp.ac.fj/view/divisions/school%3D5Fof%3D5Feducation/2014.html,Book Chapter
reddy_mobile_learning_readiness_2017,Mobile Learning Readiness and ICT Competency: A Case Study of Senior Secondary School Students in the Pacific Islands,2017,,https://repository.usp.ac.fj/view/creators/Dakuidreketi%3D3AMesake_R%3D2E%3D3A%3D3A.html,Conference Paper
hogan_commercial_activity_pacific_education_2019,Commercial Activity in Pacific Education,2019,,https://repository.usp.ac.fj/id/eprint/11836/1/2019_Report_MD.pdf,Report
bulamainaivalu_dietary_pattern_molituva_vusuya_2016,Study on the Dietary Pattern of Molituva & Vusuya Communities-Fiji,2016,,https://studyres.com/doc/15457923/booklet---draft-31-august.indd,Journal Article
naliva_determinants_nutrition_risk_2026,Determinants of nutrition risk among older adults in Fiji,2026,,https://www.pacifichealthdialog.nz/index.php/phd/article/view/223,Journal Article
naliva_fruits_vegetables_early_life_2016,Fruits and Vegetables Consumption in Early Life (Perspectives),2016,,https://fj.linkedin.com/in/salanieta-hawea-154287184,Journal Article
hawea_caregivers_behavioural_determinants_2020,"Caregivers’ perception on the behavioural determinants that shape fruit and vegetable consumption in children (6months to 5years old) in the Nuffield Medical Area, Suva: A qualitative study",2020,,https://venuewest.eventsair.com/QuickEventWebsitePortal/isbnpa2020annualmeeting/eventinfo/Agenda/AgendaItemDetail?id=2be6426d-3c89-4c46-b959-9e8e0692aa88,Conference Paper
singh_national_integrity_fiji_2001,National Integrity Systems Country Study Report: Fiji 2001,2001,,https://www.anti-corruption.org/wp-content/uploads/2016/11/Fiji-National-Integrity-Systems-study-TI-2001.pdf,Report
dalituicama_governance_high_seas_pockets_2022,Governance options for high seas pockets of the Western and Central Pacific: a case study of High Seas Pocket 4 or the North Fiji Basin,2022,,https://commons.wmu.se/all_dissertations/2075/,Master's Thesis
daurewa_managing_climate_fijian_style_2007,Managing climate change Fijian style,2007,,https://researchonline.jcu.edu.au/11875/1/Cimate_change_LITERATURE_REVIEW_.pdf,Other
daurewa_meeting_standards_2010,Meeting the standards: Community governance in Fiji,2010,,https://www.researchgate.net/publication/280231528_Corruption_Myths,Other
daurewa_pragmatic_election_2016,A pragmatic approach to a successful election: A personal reflection,2016,10.22459/TPHS.03.2016.13,https://openresearch-repository.anu.edu.au/items/fb59152a-95f1-4c49-a8fa-fc6b34ec4d7d,Book Chapter
daurewa_building_capacity_redd_2018,Building Capacity for Fiji’s Forest Dependent Indigenous Men and Women to Actively Participate in the Fiji REDD+ Readiness Programme,2018,,https://www.tebtebba.org/index.php/component/fileman/?container=fileman-attachments&name=Annex+5+-+REDD+PLUS+BASELINE+Final+REPORT.pdf&routed=1&view=file,Report
daurewa_understanding_women_spaces_2019,Understanding women and their spaces: A Fijian Experience in the 21st Century,2019,,https://friendfiji.com/wp-content/uploads/2019/03/Research-3-Understanding-Women-compressed.pdf,Report
daurewa_vitogo_river_flooding_2019,The People’s Perception on the Vitogo River Flooding,2019,,https://friendfiji.com/wp-content/uploads/2019/03/Research-4-Vitogo-River-compressed.pdf,Report
daveta_screening_pgrb_malolo_naviti_2023,"Screening of plant growth promoting bacteria for indole acetic acid and ammonia production from Malolo and Naviti, Fiji",2023,,https://repository.usp.ac.fj/id/eprint/14384/1/Symposium%202023%20Abstracts%20and%20Programme.pdf,Conference Paper
bolatolu_growth_exotic_timber_restoration_fiji_2023,Growth performance of selected exotic timber tree species for grassland restoration in Fiji,2023,,https://www.agriculture.gov.fj/documents/booklets/FAJ%20Vol%2060%20Issue%201%20July%202023%20Master%20File%20for%20Web.pdf,Journal Article
marin_global_soil_biodiversity_action_2026,Open letter: A global call to strengthen national soil biodiversity action through coordination and harmonization,2026,10.1002/ppp3.70121,https://nph.onlinelibrary.wiley.com/doi/10.1002/ppp3.70121,Journal Article
daveta_culturable_microbial_diversity_naviti_2024,"Culturable microbial diversity isolated from proposed restoration sites in Naviti Island, Yasawa, Ba Province, Fiji",2024,,https://esdac.jrc.ec.europa.eu/public_path/YoungReserachersForum_2024_Agenda.pdf,Conference Paper
tomlinson_degei_theologies_mana_sau_fiji_2016,Theologies of Mana and Sau in Fiji,2016,10.22459/NM.04.2016.09,https://openresearch-repository.anu.edu.au/items/fc66e091-3107-4dd2-b5aa-1d83d6e402c8,Book Chapter
sopoaga_developing_health_workforce_2011,Developing a health workforce from an underserved population in New Zealand,2011,10.1111/j.1753-6405.2011.00766.x,https://doi.org/10.1111/j.1753-6405.2011.00766.x,Journal Article
cammock_outcome_injury_questionnaire_2014,An assessment of an outcome of injury questionnaire using a Pacific model of health and wellbeing,2014,,https://nzmj.org.nz/media/pages/journal/vol-127-no-1388/09bf866bb4-1696469363/vol-127-no-1388.pdf,Journal Article
conn_people_food_planet_2020,"Our people, our food, our planet: Sustainable food systems policy in the Pacific",2020,10.24135/pacifichealth.v3i0.44,https://ojs.aut.ac.nz/pacific-health/article/view/44,Journal Article
conn_rethinking_public_health_education_2021,Re-thinking Public Health Education in Aotearoa New Zealand: Factory Model to Personalized Learning,2021,10.3389/feduc.2021.636311,https://www.frontiersin.org/articles/10.3389/feduc.2021.636311/full,Journal Article
tonumaipea_food_havens_2021,Food havens not swamps: a strength-based approach to sustainable food environments,2021,10.1093/heapro/daab021,https://academic.oup.com/heapro/article/36/6/1795/6154489,Journal Article
conn_transforming_public_health_education_2021,Transforming public health education in Aotearoa New Zealand: Using 21st century learning in the time of COVID-19,2021,10.24135/pjtel.v3i1.96,https://ojs.aut.ac.nz/pjtel/article/view/96,Journal Article
enari_indigenising_moanaroa_2024,Indigenising research: Moanaroa a philosophy for practice,2024,10.1080/00131857.2024.2323565,https://doi.org/10.1080/00131857.2024.2323565,Journal Article
delaibatiki_emergency_obstetric_family_planning_2010,Assessment of the Adequacy of Emergency Obstetric Care and Family Planning Services in Fiji’s Central Division,2010,,https://auckland.academia.edu/AlecEkeroma/CurriculumVitae,Master's Thesis
delaibatiki_emergency_obstetric_care_2009,Provision of emergency obstetric care and family planning services in Fiji’s central division,2009,,https://ourarchive.otago.ac.nz/esploro/outputs/conferenceProceeding/Pacific-Voices-VI-Abstracts-for-the/9926480263901891,Conference Paper
cammock_family_planning_pacific_voices_2014,"Knowledge, attitudes and practice of family planning of Fijian women in Fiji and New Zealand",2014,,https://ourarchive.otago.ac.nz/esploro/outputs/conferenceProceeding/Pacific-Voices-XI-Abstracts-for-the/9926480244501891,Conference Paper
durutalo_liberation_pacific_intellectual_1983,The liberation of the Pacific Island intellectual,1983,,https://fjdigitallib.usp.ac.fj/greenstone3/jps/sites/jpssite/collect/jps/index/assoc/HASH720d.dir/doc.pdf,Journal Article
durutalo_factory_forestry_fiji_1984,Factory forestry — Fiji's throwaway forests,1984,,https://fjdigitallib.usp.ac.fj/greenstone3/jps/sites/jpssite/collect/jps/index/assoc/HASH720d.dir/doc.pdf,Book Chapter
durutalo_fiji_trade_union_crossroads_1985,The Fiji Trade Union Movement at the Cross-Roads — Social and Political Options for the Labour Movement,1985,,https://fjdigitallib.usp.ac.fj/greenstone3/jps/sites/jpssite/collect/jps/index/assoc/HASHc8c8.dir/doc.pdf,Journal Article
durutalo_paramountcy_fijian_interest_1986,The paramountcy of Fijian interest and the politicization of ethnicity,1986,,https://natlib.govt.nz/records/20526480,Book
durutalo_anthropology_authoritarianism_1992,Anthropology and authoritarianism in the Pacific Islands,1992,,https://www.nypl.org/research/research-catalog/bib/hb990023465960203941,Book Chapter
durutalo_logging_industry_fiji_1982,The logging industry in Fiji: An introduction,1982,,https://fjdigitallib.usp.ac.fj/greenstone3/jps/sites/jpssite/collect/jps/index/assoc/HASH720d.dir/doc.pdf,Other
finau_indigenous_accounting_duality_2025,Indigenous accounting as a duality: resistance and alternatives in Fiji’s informal housing,2025,10.1108/AAAJ-09-2024-7368,https://doi.org/10.1108/AAAJ-09-2024-7368,Journal Article
larson_ecosystem_accounting_first_nations_2026,Ecosystem accounting through first nations’ lenses: Integrating the SEEA-EA and Indigenous knowledge systems,2026,10.1007/s13280-025-02274-x,https://doi.org/10.1007/s13280-025-02274-x,Journal Article
finau_ambivalence_accounting_customary_land_2024,The Ambivalence of Accounting and the Struggle for Customary Land in Fiji and PNG,2024,,https://link.springer.com/book/10.1007/978-981-97-0319-7,Book Chapter
gharbaoui_integrating_non_economic_loss_damage_2025,Integrating Non-Economic Loss and Damage into Climate Finance: Lessons from Fiji and the Pacific,2025,10.56506/PHCD5179,https://doi.org/10.56506/PHCD5179,Book Chapter
fong_copeland_stakeholder_consultation_soasoa_2021,Stakeholder consultation report,2021,,https://ccprojects.gsd.spc.int/wp-content/uploads/2021/03/3.-Stakeholder-consultation-report.pdf,Report
naituku_broad_mites_2024,"Broad mites: tiny terrors in protected structures - A scoping review of its identification, abundance, and holistic management strategies",2024,,https://repository.usp.ac.fj/id/eprint/14867/,Journal Article
deesh_weed_population_eggplant_2024,Weed Population Dynamics and Composition in a Tropical Island Eggplant (Solanum melongena L.) Agroecosystem: Implications for Sustainable Weed Management,2024,10.2984/78.4.3,https://repository.usp.ac.fj/id/eprint/15151/,Journal Article
singh_peterson_accounting_culture_neld_2025,Accounting for Culture in Evaluations of Climate-Induced Noneconomic Losses and Damages: Case Studies With Three Indigenous Communities From Rural Fiji,2025,10.1111/ruso.70023,https://onlinelibrary.wiley.com/doi/10.1111/ruso.70023,Journal Article
nunn_culasawani_midden_2026,"Shell-Dense Island Off Culasawani, Vanua Levu Island, Fiji: Midden or Muddle?",2026,10.1002/gea.70052,https://onlinelibrary.wiley.com/doi/10.1002/gea.70052,Journal Article
gaunavinaka_qumivutia_revolutionizing_radiology_fiji_2025,Revolutionizing Radiology in Fiji: The Impact of Quality and PACS Implementation in a Remote Island Nation,2025,,https://microsites.arinex.com.au/iupesm2025/content.html,Conference Paper
rambaran_ginigini_essential_oil_profiles_2020,Essential oil profiles of two Rubus varieties and the antimicrobial activities and lethality of their extracts,2020,,https://www.essencejournal.com/archives/2020/8/3/A/6-6-22,Journal Article
gonelevu_rmi_outer_islands_energy_survey_2012,"RMI Outer Islands Energy Survey Report for Ailuk, Utrik, Maloelap & Aur Atolls",2012,,https://www.pcreee.org/publication/rmi-outer-islands-energy-survey-report-ailuk-utrik-maloelap-aur-atolls?page=3,Report
soakai_gonelevu_rakai_renewables_readiness_solomon_2024,Renewables Readiness Assessment: Solomon Islands,2024,,https://www.irena.org/-/media/Files/IRENA/Agency/Publication/2024/Feb/IRENA_RRA_Solomon_Islands_2024.pdf,Report
kaitani_young_men_sexual_risk_2003,Young men and sexual risk behaviour in Fiji,2003,,http://hdl.handle.net/1885/74962,Journal Article
kaitani_social_welfare_poverty_2007,Social welfare and poverty alleviation programs in Fiji: are they pro-poor?,2007,,https://repository.usp.ac.fj/view/subjects/HN.html,Journal Article
kaitani_fiji_approach_poverty_2007,Fiji's approach to addressing poverty,2007,,https://crawford.anu.edu.au/rmap/devnet/devnet/db-72.pdf,Journal Article
kaitani_development_on_move_fiji_2011,Development on the move: measuring and optimising migration’s economic and social impacts in Fiji,2011,,https://repository.usp.ac.fj/id/eprint/4763/,Report
kaitani_dotm_fiji_migration_impact_2010,Global development network (GDN) and institute of public policy research (IPPR) global research project: development on the move (DOTM) project: Fiji study: Fiji migration impact report,2010,,https://repository.usp.ac.fj/id/eprint/2259/,Report
kaitani_child_labour_fiji_summary_2010,Child labour in Fiji: a summary report of the child labour research in Fiji,2010,,https://repository.usp.ac.fj/view/types/tech%3D5Fproj%3D5Freports.html,Report
kaitani_hiv_kab_survey_2010,Report on the HIV knowledge attitude and behaviour surveying,2010,,https://repository.usp.ac.fj/view/types/tech%3D5Fproj%3D5Freports.html,Report
kaitani_weather_coast_health_2010,Report on the weather coast health survey,2010,,https://repository.usp.ac.fj/view/types/tech%3D5Fproj%3D5Freports.html,Report
kaitani_verebalavu_child_labour_education_2010,Child labour research report: education report school survey,2010,,https://repository.usp.ac.fj/view/subjects/HD.html,Report
kanainabogi_performance_measurement_fijian_smes_2015,Performance measurement systems in Fijian small and medium enterprises in the tourism industry,2015,,https://figshare.mq.edu.au/articles/thesis/Performance_measurement_systems_in_Fijian_small_and_medium_enterprises_in_the_tourism_industry/19428065,PhD Thesis
kanainabogi_exploring_pms_fijian_smes_2011,Exploring the use of performance measurement systems in Fijian small and medium enterprises (SMEs) in the tourism industry,2011,,https://researchers.mq.edu.au/en/publications/exploring-the-use-of-performance-measurement-systems-in-fijian-sm/,Conference Paper
kanainabogi_pms_fijian_smes_2012,Performance measurement systems in Fijian Small and Medium Enterprises (SMEs) in the tourism industry,2012,,https://researchers.mq.edu.au/en/publications/performance-measurement-systems-in-fijian-small-and-medium-enterp-2/,Conference Paper
kanainabogi_pms_fijian_smes_2013,Performance measurement systems in Fijian small and medium enterprises in the tourism Industry,2013,,https://researchers.mq.edu.au/en/publications/performance-measurement-systems-in-fijian-small-and-medium-enterp/,Conference Paper
kasanawaqa_environmental_protection_sids_2026,Environmental protection and planetary sustainability: rebalancing nature-human relationships,2026,,https://odi.org/documents/10101/SSR2026-V8-Chapter-5.pdf,Report
kawa_pastoral_leadership_premarital_kalabu_2022,A critical analysis of the pastoral leadership approach to pre-marital counselling in the Kalabu Circuit in the Naitasiri Division within the Methodist Church in Fiji,2022,,https://drive.google.com/file/d/1tjfPDtLRSjM3-jz_IeZIcb4GwqjPnqMG/view?usp=sharing,Master's Thesis
raturi_kedrayate_impact_elearning_2015,Impact of elearning on primary school children and teachers: a study of the one laptop per child pilot project in Fiji,2015,,https://repository.usp.ac.fj/id/eprint/8462/,Journal Article
kedrayate_nonformal_relevant_obsolete_2012,Non-formal education: is it relevant or obsolete?,2012,,https://www.ijbhtnet.com/journals/Vol_2_No_4_June_2012/2.pdf,Journal Article
hogan_kedrayate_elearning_survival_2011,eLearning: a survival strategy for developing countries,2011,,https://repository.usp.ac.fj/id/eprint/10860/,Journal Article
kedrayate_reconciliation_peace_building_2006,Reconciliation and peace building,2006,,https://repository.usp.ac.fj/view/creators/Kedrayate%3D3AAkanisi%3D3A%3D3A.html,Book Chapter
kedrayate_learning_traditional_societies_2004,Learning in traditional societies in the South Pacific: a personal reflection,2004,,https://repository.usp.ac.fj/view/creators/Kedrayate%3D3AAkanisi%3D3A%3D3A.html,Journal Article
kedrayate_schulz_voices_pacific_women_teachers_2003,Voices: Pacific women teachers tell their stories,2003,,https://repository.usp.ac.fj/view/creators/Kedrayate%3D3AAkanisi%3D3A%3D3A.html,Book
kedrayate_culture_curriculum_2002,Culture in the curriculum: a contribution to nation building,2002,,https://repository.usp.ac.fj/view/creators/Kedrayate%3D3AAkanisi%3D3A%3D3A.html,Journal Article
kedrayate_education_nation_building_2002,Education for nation building: the contribution of non-formal education in Fiji,2002,,https://repository.usp.ac.fj/id/eprint/5607/,Journal Article
kedrayate_why_nonformal_fiji_2001,Why non-formal education in Fiji?,2001,,https://repository.usp.ac.fj/6332/1/Why_non-formal_education_in_Fiji.pdf,Journal Article
kedrayate_effective_communication_families_1999,Effective communication with families and communities for the benefit of children,1999,,https://repository.usp.ac.fj/view/creators/Kedrayate%3D3AAkanisi%3D3A%3D3A.html,Journal Article
kedrayate_conceptualisation_nonformal_1997,The conceptualisation of non-formal education,1997,,https://repository.usp.ac.fj/6180/1/The_conceptualisation_of_non-formal_education.pdf,Journal Article
kedrayate_hunfeld_evaluation_married_couples_tutu_1983,"Evaluation report: married couples course, Marist Training Centre, Tutu, Taveuni, Fiji",1983,,https://repository.usp.ac.fj/view/creators/Kedrayate%3D3AAkanisi%3D3A%3D3A.html,Report
kedrayate_schulz_introducing_genre_1996,Introducing a genre of critical significance: Two Pacific women teachers,1996,,https://repository.usp.ac.fj/view/subjects/LB.html,Other
kedrayate_ed158_nonformal_1994,"ED158: An introduction to non-formal education: introduction and assignments: semester 1, 1994",1994,,https://repository.usp.ac.fj/view/creators/Kedrayate%3D3AAkanisi%3D3A%3D3A.html,Other
kedrayate_training_trainers_nonformal_fiji_1986,"Training of trainers in non-formal, Adult and Community Education in Fiji: Consideration of Models",1986,,https://repository.usp.ac.fj/view/creators/Kedrayate%3D3AAkanisi%3D3A%3D3A.html,Other
kedrayate_participatory_needs_assessment_1996,Participatory needs assessment,1996,,https://repository.usp.ac.fj/view/creators/Kedrayate%3D3AAkanisi%3D3A%3D3A.html,Other
koliyavu_insitu_dom_2021,In-Situ Variability of DOM in Relation with Biogeochemical and Physical Parameters in December 2017 in Laucala Bay (Fiji Islands) after a Strong Rain Event,2021,10.3390/jmse9030241,https://doi.org/10.3390/jmse9030241,Journal Article
koliyavu_snapshots_cdom_2019,"Snapshots of CDOM and Chlorophyll dynamics in Laucala Bay, Fiji Islands",2019,,https://star.gem.spc.int/docs/Abstract-booklet.pdf,Conference Paper
koroivulaono_leveraging_technology_2011,Leveraging technology for tertiary education in the South Pacific,2011,,https://www.usp.ac.fj/centre-for-flexible-learning/research-and-scholarship/publications-and-presentations/,Book Chapter
koroivulaono_open_educational_resources_2014,Open Educational Resources: a regional university’s journey,2014,10.7238/rusc.v11i3.2121,https://doi.org/10.7238/rusc.v11i3.2121,Journal Article
crump_remote_rural_education_2020,Remote and Rural Education in Australia and the Pacific,2020,10.1093/acrefore/9780190264093.013.516,https://doi.org/10.1093/acrefore/9780190264093.013.516,Book Chapter
koroivulaono_student_online_orientation_2014,"Student Online Orientation, the case of UU204’s Amazing Race",2014,,https://www.usp.ac.fj/centre-for-flexible-learning/research-and-scholarship/publications-and-presentations/,Conference Paper
hazelman_koroivulaono_what_next_2013,What next? Progressing learning innovations in a regional university,2013,,https://www.usp.ac.fj/centre-for-flexible-learning/research-and-scholarship/publications-and-presentations/,Conference Paper
koroivulaono_snapshot_transforming_pedagogies_2013,A snapshot of transforming pedagogies in a sea of islands,2013,,https://www.usp.ac.fj/centre-for-flexible-learning/research-and-scholarship/publications-and-presentations/,Conference Paper
koroivulaono_repurposing_oer_2010,Repurposing OER – The USP Experience,2010,,https://www.usp.ac.fj/centre-for-flexible-learning/research-and-scholarship/publications-and-presentations/,Conference Paper
